{"R": 122.46042057861328, "G": 114.2570944165039, "B": 101.36342873779297}